Seq #,Bib,Name,Tap,Time tap,Bib tap,Category,Team name,Team name 2
1,2,FSC,Start,58:40.04,,Op 2x Championship,FSC-DICKINSON,1073730
2,3,UTC,Start,58:57.73,,Op 2x Championship,UTC-FOSTER,1073233
3,4,MBC,Start,59:16.20,,Op 2x Championship,MBC-SALONNA,1074710
4,5,TSS,Start,59:38.83,,Op 2x Championship,TSS-PARNELL-2,1076621
5,6,CAB,Start,59:45.48,,Op 2x Championship,CAB-GOODE,1074473
6,7,CNN,Start,1:00:04.75,,Op 2x Championship,CNN-YOUNG,1074489
7,8,CNN,Start,1:00:17.68,,Op 2x Intermediate,CNN-WRIGHT,1074488
8,10,LER,Start,1:00:27.55,,Op 2x Intermediate,LER-BOWLES,1073625
9,11,STK,Start,1:00:33.30,,Op 2x Intermediate,STK-WARRINGTON,1076037
10,14,SNE,Start,1:00:41.37,,Op 2x Intermediate,SNE-WILLIAMS,1075578
11,15,IMP,Start,1:00:50.19,,Op 2x Intermediate,IMP-LEFLAIVE-MANLEY-2,1076122
12,16,VRC,Start,1:01:00.33,,Op 2x Intermediate,VRC-HERNANDEZ,1075977
13,17,IMP,Start,1:01:11.64,,Op 2x Intermediate,IMP-BENTLEY,1076124
14,18,RAF,Start,1:01:18.49,,Op 2x Intermediate,RAF-JACKMAN,1073272
15,19,MAV,Start,1:01:30.02,,Op 2x Intermediate,MAV-MIDWINTER-TO,1073375
16,20,IMP,Start,1:01:50.11,,Op 2- Championship,IMP-SIMMONDS,1076119
17,21,IMP,Start,1:02:02.72,,Op 2- Championship,IMP-FRASER,1076120
18,22,UTC,Start,1:02:21.21,,Op 2- Championship,Senior/Senior,1074036
19,23,KRC,Start,1:02:24.59,,Op 2- Championship,KRC-CICCARELLI,1073924
20,24,UWK,Start,1:02:30.44,,Op 2- Championship,UWK-BEDFORD,1074316
21,25,IMP,Start,1:02:44.41,,Op 2- Championship,IMP-WALSH,1076121
22,26,KRC,Start,1:02:51.07,,Op 2- Championship,KRC-PEPPER,1073901
23,27,UWK,Start,1:03:00.64,,Op 2- Championship,UWK-HUTCHINSON,1074315
24,28,UTC,Start,1:03:06.60,,Op 2- Championship,UTC-JINKS,1076112
25,29,KCS,Start,1:03:15.56,,Op 2- Senior,KCS-TYRRELL,1075743
26,30,QBC,Start,1:03:21.41,,Op 2- Senior,QBC-EWING,1072525
27,31,KCS,Start,1:03:32.88,,Op 2- Senior,KCS-EDINGTON,1075745
28,32,CBR,Start,1:03:43.38,,Op 2- Senior,CBR-ACTON,1073713
29,1,TSS,Start,1:04:04.15,,Op 2x Championship,TSS-BROWN,1076620
30,9,WLT,Start,1:04:07.95,,Op 2x Intermediate,WLT-SWEDLOW,1073643
31,12,WAR,Start,1:04:18.82,,Op 2x Intermediate,WAR-GITTUS,1075801
32,33,SPS,Start,1:04:27.93,,Op 2- Senior,SPS-GILLARD-2,1074852
33,34,STA,Start,1:04:39.72,,Op 2- Senior,STA-MULKERRINS,1073481
34,35,CAM,Start,1:04:58.22,,Op 2- Senior,CAM-PRICE,1072537
35,36,PTR,Start,1:05:11.68,,Op 2- Senior,PTR-DISERENS,1074032
36,37,MBC,Start,1:05:25.62,,Op 2- Championship,MBC-CASSELLS-TO,1076003
37,38,KCS,Start,1:05:31.56,,Op 2- Senior,KCS-BETTELEY,1075744
38,39,MAV,Start,1:05:43.14,,Op 2- Senior,MAV-WATERHOUSE,1073178
39,40,VRC,Start,1:05:54.62,,Op 2- Senior,VRC-CLEMENTS,1075225
40,41,BAU,Start,1:05:59.67,,Op 2- Senior,BAU-JONES,1072618
41,42,CAM,Start,1:06:10.14,,Op 2- Intermediate,CAM-SHADBOLT,1072536
42,43,AKN,Start,1:06:14.69,,Op 2- Intermediate,AKN-HERRIDGE,1073533
43,44,PTR,Start,1:06:26.28,,Op 2- Intermediate,PTR-DUNCOMB,1074033
44,45,CNN,Start,1:06:43.71,,Op 2- Intermediate,CNN-SHAW,1074487
45,46,AKN,Start,1:06:53.12,,Op 2- Intermediate,AKN-FESENKO,1075835
46,47,VRC,Start,1:07:03.64,,Op 2- Intermediate,VRC-RADCKE,1073897
47,48,UYO,Start,1:07:10.96,,Op 2- Intermediate,UYO-NESOM,1073692
48,50,KCA,Start,1:07:16.43,,Op 2- Intermediate,KCA-LEWIS,1075711
49,51,PTR,Start,1:07:24.56,,Op 2- Intermediate,PTR-ANDERSON,1074034
50,52,PTR,Start,1:07:35.33,,Op 2- Intermediate,PTR-FISHER,1074520
51,53,CYG,Start,1:07:41.49,,Op 2- Intermediate,CYG-Sears,1074128
52,54,BRX,Start,1:07:49.24,,Op 2- Club,BRX-MAYNES,1075982
53,55,LER,Start,1:08:02.51,,Op 2- Club,LER-HARDING,1075722
54,57,PTR,Start,1:08:10.73,,Op 2- Club,PTR-MADDOCK,1074414
55,58,TWK,Start,1:08:14.34,,Op 2- Club,TWK-MARTIN,1074171
56,59,PTR,Start,1:08:16.43,,Op 2- Club,PTR-CHADWICK,1074443
57,60,PAR,Start,1:08:30.05,,Op 2- Club,PAR-BAGGALEY,1072569
58,61,QBC,Start,1:08:34.03,,Op 2- Club,QBC-BOYD,1072547
59,62,MOS,Start,1:08:41.60,,Op 2- Club,MOS-BRIGHTON,1074035
60,56,WRR,Start,1:08:47.18,,Op 2- Club,WRR-PHILLIPS,1073906
61,63,SPS,Start,1:09:01.83,,Op J18 2- Championship,SPS-PARISH,1074050
62,64,SPS,Start,1:09:12.95,,Op J18 2- Championship,SPS-GILLARD,1074052
63,65,SPS,Start,1:09:21.37,,Op J18 2- Championship,SPS-SPIERS,1074058
64,66,SHP,Start,1:09:27.07,,Op J18 2- Championship,SHP-BROWN,1074465
65,67,SPS,Start,1:09:37.33,,Op J18 2- Championship,SPS-VALT,1074054
66,68,SPS,Start,1:09:49.83,,Op J18 2- Championship,SPS-CRAIG MCFEELY,1074051
67,69,SPS,Start,1:10:12.07,,Op J18 2- Championship,SPS-TAYLOR,1074053
68,70,SHP,Start,1:10:30.92,,Op J18 2- Championship,SHP-ASH,1074463
69,71,SHP,Start,1:10:43.60,,Op J18 2- Championship,SHP-HJORTLAND-MARKS,1074461
70,72,WLT,Start,1:10:45.92,,Op J18 2- Championship,WLT-HEYWOOD,1072304
71,73,NSC,Start,1:10:51.02,,Op J18 2- Championship,NSC - III,1073785
72,74,SHP,Start,1:11:01.09,,Op J18 2- Championship,SHP-BROCKWAY,1074466
73,75,SHP,Start,1:11:07.41,,Op J18 2- Club,SHP-WALLER,1074468
74,76,NSC,Start,1:11:11.16,,Op J18 2- Club,NSC - I,1073783
75,77,NSC,Start,1:11:16.30,,Op J18 2- Club,NSC - II,1073784
76,78,NSC,Start,1:11:36.60,,Op J18 2- Club,NSC - IIII,1073789
77,79,NSC,Start,1:11:51.03,,Op J18 2- Club,NSC - IIIII,1073790
78,80,MAV,Start,1:12:03.86,,Op J18 2- Club,MAV-POLOM,1073182
79,82,SHP,Start,1:12:07.00,,Op J18 2- Club,SHP-WOMBWELL,1074899
80,83,WLT,Start,1:12:15.64,,Op J18 2- Club,WLT-ROBINSON,1072303
81,84,STN,Start,1:12:24.03,,Op J18 2- Club,STN-WATERS,1074722
82,85,NSC,Start,1:12:38.73,,Op J18 2- Club,NSC - IIIIII-TO,1073791
83,87,AKN,Start,1:13:19.80,,Op 2x Club,AKN-BURMESTER,1075840
84,88,CNN,Start,1:13:20.75,,Op 2x Club,CNN-MEADOWS,1074491
85,89,ITC,Start,1:13:22.82,,Op 2x Club,ITC-FOAD,1073705
86,90,CRC,Start,1:13:37.70,,Op 2x Club,Burgess/O'Rourke,1076117
87,91,TWK,Start,1:13:40.83,,Op 2x Club,TWK-CLOVER,1074527
88,92,PTR,Start,1:13:55.61,,Op 2x Club,PTR-FRANCE,1074459
89,93,AKN,Start,1:14:08.82,,Op 2x Club,AKN-BENNIE,1075837
90,94,IMP,Start,1:14:18.90,,Op Lwt 2x Championship,IMP-FISHER,1076123
91,95,UWK,Start,1:14:28.63,,Op Lwt 2x Championship,UWK-JORDAN,1074318
92,96,TWK,Start,1:14:31.05,,Op Lwt 2x Championship,TWK-WOOLLER,1076001
93,97,WLT,Start,1:14:34.13,,Op Lwt 2x Championship,WLT-PICKERING,1073017
94,98,UBR,Start,1:14:48.20,,Op Lwt 2x Championship,Univeristy of Bristol Boat Club/Cantabri,1075878
95,99,MER,Start,1:14:56.62,,Op Lwt 2x Championship,Picard,1073817
96,100,STN,Start,1:15:07.35,,Op Lwt 2x Club,STN-MCLAUGHLIN,1074724
97,101,CAM,Start,1:15:19.42,,Op Lwt 2x Club,CAM-SINCLAIR,1072535
98,102,MAV,Start,1:15:28.70,,Op Lwt 2x Club,MAV-MIHR,1073039
99,103,RAF,Start,1:15:46.40,,Op Lwt 2x Club,RAF-BANKS,1075196
100,104,CAB,Start,1:15:55.24,,Op Lwt 2x Club,CAB-TATE,1076012
101,105,CAM,Start,1:16:04.01,,Op Lwt 2x Club,CAM-LADD,1072539
102,106,LDR,Start,1:16:05.33,,Op J18 2x Championship,LDR-1,1073825
103,107,LEA,Start,1:16:22.74,,Op J18 2x Championship,LEA-DEN DULK,1072820
104,108,KSE,Start,1:16:39.34,,Op J18 2x Championship,KSE-WHITE,1073910
105,109,LEA,Start,1:16:46.88,,Op J18 2x Championship,LEA-FERRARO,1072821
106,110,KGS,Start,1:16:59.40,,Op J18 2x Championship,KGS,1075540
107,111,WLT,Start,1:17:12.15,,Op J18 2x Championship,WLT-KALUZA-JOHNSON,1072306
108,112,ASL,Start,1:17:19.89,,Op J18 2x Championship,ASL-WILKIN,1076133
109,113,ETN,Start,1:17:20.81,,Op J18 2x Championship,ETN-NUNAYON,1075880
110,114,ETN,Start,1:17:35.15,,Op J18 2x Championship,ETN-PEARSON,1075881
111,115,WLT,Start,1:17:42.50,,Op J18 2x Intermediate,WLT-ROBERTS,1072305
112,116,DUL,Start,1:17:47.18,,Op J18 2x Intermediate,P Miles,1073737
113,117,SPS,Start,1:17:58.71,,Op J18 2x Intermediate,SPS-HARRAY,1074061
114,118,EMA,Start,1:18:02.03,,Op J18 2x Intermediate,EMA-BLIGH,1075422
115,120,EMA,Start,1:18:05.83,,Op J18 2x Intermediate,EMA-KITCHEN,1075419
116,121,SPS,Start,1:18:19.70,,Op J18 2x Intermediate,SPS-NARESH,1074063
117,122,SPS,Start,1:18:22.53,,Op J18 2x Intermediate,SPS-CRAIG-MCFEELY,1074060
118,,,Start,1:18:27.45,,,,
119,124,ETN,Start,1:18:36.82,,Op J18 2x Intermediate,ETN-WATSON GANDY,1075882
120,125,SPS,Start,1:18:47.73,,Op J18 2x Intermediate,SPS-ISOLA,1074062
121,126,KCS,Start,1:18:53.56,,Op J18 2x Intermediate,Cabot,1075740
122,127,SRC,Start,1:19:03.55,,Op J18 2x Intermediate,SRC-MCLOUGHLIN,1074263
123,128,ETN,Start,1:19:17.10,,Op J18 2x Intermediate,ETN-BURGES WATSON,1075884
124,129,MAV,Start,1:19:29.02,,Op J18 2x Club,MAV-WISE,1073179
125,130,KCS,Start,1:19:37.05,,Op J18 2x Club,KCS-TOWNSEND,1075741
126,144,MAV,Start,1:19:46.17,,Op J16 2x Championship,MAV-HORLOCK,1073695
127,131,DUL,Start,1:20:03.17,,Op J18 2x Club,R Dunley,1073734
128,132,KCS,Start,1:20:10.21,,Op J18 2x Club,Pearson,1075739
129,133,KCS,Start,1:20:14.72,,Op J18 2x Club,KCS-HOLMES,1075742
130,134,DUL,Start,1:20:24.22,,Op J18 2x Club,J Dunley,1073735
131,136,MAV,Start,1:20:44.22,,Op J18 2x Club,MAV-DIXON,1073180
132,137,SPS,Start,1:20:53.89,,Op J18 2x Club,SPS-ROSENFELD,1074059
133,138,ETN,Start,1:21:03.72,,Op J18 2x Club,ETN-VAN STEENIS,1075885
134,139,ETN,Start,1:21:17.21,,Op J18 2x Club,ETN-GORDON-BROWN,1075887
135,140,WYJ,Start,1:21:25.92,,Op J16 2x Championship,WYJ-VAN DER LINDEN,1073975
136,141,WLT,Start,1:21:38.51,,Op J16 2x Championship,WLT-SCHIOLDAN,1072308
137,142,WYJ,Start,1:21:48.61,,Op J16 2x Championship,WYJ-LOCH,1073976
138,143,KGS,Start,1:21:50.21,,Op J16 2x Championship,KGS-COOPER,1075549
139,145,SPS,Start,1:22:07.86,,Op J16 2x Championship,SPS-GALAY,1075594
140,146,KGS,Start,1:22:10.44,,Op J16 2x Championship,KGS Romberg,1075547
141,148,WLT,Start,1:22:19.68,,Op J16 2x Championship,WLT-RACKETT,1072307
142,147,SPS,Start,1:22:35.85,,Op J16 2x Championship,SPS-MIDDLETON,1074057
143,149,DUL,Start,1:22:48.71,,Op J16 2x Championship,J Mountain,1073738
144,150,ASL,Start,1:23:10.57,,Op J16 2x Championship,ASL-Hansen,1076140
145,151,SHP,Start,1:23:29.00,,Op J16 2x Club,SHP-HUMPHRIS,1074450
146,152,DUL,Start,1:23:34.64,,Op J16 2x Club,G Able,1073742
147,153,DUL,Start,1:24:02.01,,Op J16 2x Club,M Able,1073741
148,154,DUL,Start,1:24:12.36,,Op J16 2x Club,D West,1073739
149,164,MAR,Start,1:24:42.11,,W Supported Adaptive 2-,MAR-HARRISON,1074816
150,156,BAE,Start,1:25:12.44,,Op J16 2x Club,BAE-WILLIAMS,1074841
151,157,ETN,Start,1:25:25.20,,Op J16 2x Club,ETN-FERGUSON,1074907
152,155,SPS,Start,1:26:11.10,,Op J16 2x Club,SPS-O'Sullivan,1075596
153,159,ETN,Start,1:26:18.63,,Op J16 2x Club,ETN-LIAUTAUD,1074908
154,160,ETN,Start,1:26:48.92,,Op J16 2x Club,ETN-GRUNDY,1074909
155,161,ETN,Start,1:27:02.89,,Op J16 2x Club,ETN-GEFFEN,1074910
156,166,WBK,Start,1:28:44.94,,Mx 2x Championship,WBK-GALLAGHER,1072687
157,167,MON,Start,1:28:47.47,,Mx 2x Championship,MON-RODFORD,1075853
158,168,SNE,Start,1:29:00.69,,Mx 2x Championship,SNE-SHREEVES,1073929
159,169,ZFS,Start,1:29:13.41,,Mx 2x Championship,ZFS-HAYES,1072850
160,170,TSS,Start,1:29:37.91,,W 2x Championship,TSS-WILKINSON-FELLER,1076625
161,171,TRC,Start,1:30:02.98,,W 2x Championship,COMP TRC/OBU - PERRY,1074511
162,172,PBD,Start,1:30:09.78,,W 2x Championship,PBD-OHENE,1073362
163,173,VRC,Start,1:30:16.06,,W 2x Championship,VRC-MCKELLAR,1074904
164,174,IPS,Start,1:30:25.05,,W 2x Championship,IPS-GOODCHILD,1073433
165,175,IMP,Start,1:30:47.35,,W 2x Championship,IMP-KIRKPATRICK-TO,1076116
166,176,IMP,Start,1:30:58.70,,W 2x Championship,IMP-MUSOLLARI-TO,1076115
167,177,TSS,Start,1:31:03.28,,W 2x Championship,TSS-RICKS-TO,1076626
168,178,LEH,Start,1:31:11.81,,W 2x Championship,LEH-COOPER,1076156
169,179,NWK,Start,1:31:15.40,,Mx 2x Club,NWK - Whitehead,1072552
170,180,STK,Start,1:31:19.97,,Mx 2x Club,Cruxton,1072983
171,181,STN,Start,1:31:27.62,,Mx 2x Club,STN-GILLESPIE,1075778
172,182,BSC,Start,1:31:45.19,,Mx 2x Club,BSC-BOCKELMANN,1076109
173,183,HIL,Start,1:31:55.79,,Mx 2x Club,HIL-HUMPHRIS,1075804
174,184,ABN,Start,1:32:02.75,,Mx 2x Club,ABN-FERGUS,1072413
175,185,QBC,Start,1:32:41.32,,Op MasB 2x,QBC Mas B,1074679
176,186,EXE,Start,1:32:59.56,,Op MasB 2x,EXE-Jacobs,1075834
177,187,HSB,Start,1:33:14.81,,Op MasB 2x,David/Pierre,1074427
178,188,BRA,Start,1:33:25.94,,Op MasB 2x,BRA-HERBERT,1075799
179,189,RAF,Start,1:33:43.14,,Op MasB 2x,RAF-ROWELL,1073519
180,190,SON,Start,1:33:54.51,,Op MasB 2x,SON-CRO,1074396
181,191,SHP,Start,1:34:06.28,,Op MasB 2x,SHP-CURRIE,1074902
182,192,AKN,Start,1:34:12.66,,Op MasC 2x Championship,AKN-MACKWORTH-PRAED,1074610
183,193,EXE,Start,1:34:26.31,,Op MasC 2x Championship,EXE-BYRNES,1072819
184,194,PBD,Start,1:34:32.96,,Op MasC 2x Championship,PBD/MTR,1072581
185,195,FSC,Start,1:34:41.09,,Op MasC 2x Championship,FSC-HELLIER,1073729
186,196,MBC,Start,1:34:50.54,,Op MasC 2x Championship,MBC-PEARSON-TO,1072941
187,197,TRC,Start,1:34:59.51,,Op MasC 2x Club,TRC-CORDAL SUFFERT,1073598
188,198,VRC,Start,1:35:23.81,,Op MasC 2x Club,VRC-WILLIAMS,1073644
189,199,LRC,Start,1:35:30.21,,Op MasC 2x Club,LRC-BROOKS,1073782
190,202,CYG,Start,1:36:02.27,,Op MasC 2x Club,CYG-Suthers,1074126
191,201,RAF,Start,1:36:43.37,,Op MasC 2x Club,RAF-MACDONALD,1073517
192,203,VRC,Start,1:36:58.76,,Mx MasB/C 2x,VRC-HOWARD,1073904
193,,,Start,1:37:05.52,,,,
194,204,DUR,Start,1:37:11.76,,Mx MasB/C 2x,DUR-FORSTER,1072966
195,206,AVN,Start,1:37:18.34,,Mx MasB/C 2x,AVN-BARTON,1072426
196,207,SUA,Start,1:37:31.57,,Mx MasB/C 2x,SUA-SHEKLETON-MAHER,1073286
197,208,FSC,Start,1:37:51.94,,Mx MasB/C 2x,FSC-EHR,1074234
198,209,PTR,Start,1:37:56.76,,Mx MasB/C 2x,PTR-CULLEY,1074336
199,210,BEB,Start,1:38:00.13,,Mx MasD/E 2x,BEB-MORRIS,1072362
200,211,UPT,Start,1:38:11.53,,Mx MasD/E 2x,UPT-SCRIVENER,1074148
201,212,ABN,Start,1:38:16.36,,Mx MasD/E 2x,ABN-BAKER,1072414
202,213,CHA,Start,1:38:30.39,,Mx MasD/E 2x,CHA-REED,1073217
203,,,Start,1:38:34.44,,,,
204,216,CBR,Start,1:38:40.36,,Mx MasD/E 2x,CBR-LINEHAN,1073313
205,217,MAA,Start,1:38:45.78,,Mx MasF/G 2x,MAA/QBC,1073118
206,218,ARD,Start,1:38:50.39,,Mx MasF/G 2x,MxdF 2x,1074668
207,219,BNT,Start,1:39:11.77,,Mx MasF/G 2x,BNT-SARGENT,1074213
208,220,DAT,Start,1:40:08.52,,Mx MasF/G 2x,DAT-LANGMAID,1074496
209,221,BEB,Start,1:40:19.32,,Mx MasF/G 2x,BEB-SUTHERS,1072905
210,,,Start,1:40:21.73,,,,
211,222,LEA,Start,1:40:33.97,,Mx MasF/G 2x,LEA-HARE,1072616
212,223,SON,Start,1:40:49.75,,Op MasB 2-,SON-FODEN,1075759
213,224,BRX,Start,1:40:57.75,,Op MasB 2-,BRX-SCORAH,1074031
214,226,ZBC,Start,1:41:17.87,,Op MasB 2-,ZBC-HIDALGO,1072401
215,225,ETX,Start,1:41:18.82,,Op MasB 2-,ETX-WINCOMB,1076152
216,228,SPS,Start,1:41:25.42,,Op MasB 2-,SPS-DE FROBERVILLE,1074055
217,229,UTC,Start,1:41:35.88,,Op MasC 2-,UTC-Jacobs,1072345
218,230,UTC,Start,1:41:41.64,,Op MasC 2-,UTC-TRITTON,1076108
219,231,CAM,Start,1:41:47.77,,Op MasC 2-,CAM-WARE,1072549
220,232,ARD,Start,1:41:57.32,,Op MasC 2-,ARD-DOMBROWE/HUMPHRIS,1073549
221,233,SON,Start,1:42:02.91,,Op MasC 2-,#ForeverYoung,1072517
222,234,CBR,Start,1:42:09.44,,Op MasC 2-,CBR-HARDING,1072505
223,235,CUR,Start,1:42:11.81,,Op MasC 2-,CUR-DRUIFF,1075931
224,236,TWK,Start,1:42:21.61,,Op MasC 2-,TWK-BOILEAU,1076509
225,237,MHD,Start,1:42:35.56,,Op MasD 2-,MHD-BIRD,1073530
226,238,WLT,Start,1:42:41.83,,Op MasD 2-,WLT-GRAYWOOD,1073939
227,239,ABN,Start,1:42:51.28,,Op MasD 2-,ABN-SIMMONDS,1072411
228,240,RAF,Start,1:43:00.39,,Op MasD 2-,RAF-HANNAFORD,1073515
229,241,LEA,Start,1:43:04.89,,W 2- Championship,LEA-BROCK,1076142
230,242,AKN,Start,1:43:15.64,,W 2- Championship,AKN-INNES-HOPKINS,1075839
231,243,CAB,Start,1:43:28.36,,W 2- Championship,CAB-DE BRUIN,1074759
232,244,MAA,Start,1:43:35.48,,W 2- Championship,MAA-PIPER,1073770
233,245,MAA,Start,1:43:39.94,,W 2- Championship,MAA-BROWN-2,1073768
234,246,STN,Start,1:43:50.99,,W 2- Championship,STN-BURDON,1075093
235,247,CBR,Start,1:43:57.71,,W 2- Championship,CBR-O'NEILL,1073331
236,248,IMP,Start,1:44:07.17,,W 2- Championship,IMP-CAYOL-TO,1076118
237,249,MBC,Start,1:44:10.94,,W 2- Championship,MBC-PRICE,1076130
238,250,FSC,Start,1:44:23.25,,W 2- Championship,FSC-PESOLA,1073153
239,251,PHS,Start,1:44:25.81,,W J18 2- Championship,PHS P,1074522
240,253,PHS,Start,1:44:38.50,,W J18 2- Championship,PHS H,1074523
241,254,LEA,Start,1:44:47.67,,W J18 2- Championship,LEA-FROGGATT-BROWN,1073015
242,255,LEA,Start,1:44:51.20,,W J18 2- Championship,LEA-MILLARD,1073016
243,256,KRC,Start,1:44:55.56,,W J18 2- Championship,KRC-MEDCALF,1072245
244,257,KRC,Start,1:45:06.27,,W J18 2- Championship,KRC-QUIN,1072246
245,259,BBL,Start,1:45:19.85,,W 2- Club,BBL-MARTIN,1074695
246,260,PTR,Start,1:45:41.89,,W 2- Club,PTR-PATTISON,1074850
247,261,PTR,Start,1:45:50.72,,W 2- Club,PTR-PERKINS,1074855
248,262,HSB,Start,1:45:58.40,,W 2- Club,HSB-BERESFORD-KNOX,1073984
249,263,STN,Start,1:46:09.92,,W 2- Club,STN-BOORMAN,1075096
250,266,CAM,Start,1:46:20.39,,W 2- Club,CAM-LARGE,1072532
251,267,STN,Start,1:46:29.75,,W 2- Club,STN-WARREN,1075098
252,268,EMA,Start,1:46:39.62,,W J18 2- Club,EMA - THOMAS,1075860
253,269,MAV,Start,1:46:51.91,,W J18 2- Club,MAV-PARSLER,1073696
254,270,PHS,Start,1:46:54.74,,W J18 2- Club,PHS S,1074551
255,272,WLT,Start,1:47:03.16,,W J18 2- Club,WLT-FANTHAM,1072315
256,273,WLT,Start,1:47:12.12,,W J18 2- Club,WLT-GRIMSHAW,1072316
257,275,BAE,Start,1:47:22.06,,W J18 2- Club,BAE-BOTT,1075889
258,277,CAB,Start,1:47:29.12,,W MasB/C 2-,CAB-COOPER,1074761
259,278,TYN,Start,1:47:37.64,,W MasB/C 2-,TYN-HUGHES,1073164
260,279,WEY,Start,1:47:56.88,,W MasD/E 2-,WEY-BRADY,1072474
261,281,YRK,Start,1:48:14.38,,W MasD/E 2-,YRK-PRESS,1073090
262,283,WEY,Start,1:48:30.92,,W MasF/H 2-,WEY-MORRIS,1073432
263,285,TSS,Start,1:50:54.82,,W Lwt 2x,TSS-BLOOMER,1076627
264,286,VRC,Start,1:51:07.66,,W Lwt 2x,VRC-MCGREGOR-RITCHIE,1075679
265,287,CAB,Start,1:51:21.69,,W Lwt 2x,CAB-PLUNKETT,1074762
266,288,FUL,Start,1:51:33.54,,W Lwt 2x,FUL-ALLGAIER,1074755
267,289,MAA,Start,1:51:38.51,,W Lwt 2x,MAA-JONES,1073769
268,290,WRC,Start,1:51:52.78,,W Lwt 2x,WRC-SLATER,1072682
269,291,BBL,Start,1:52:04.61,,W 2x Intermediate,BBL-CAHILL,1074691
270,292,WRC,Start,1:52:11.90,,W 2x Intermediate,WRC-WILKS,1076028
271,293,MAA,Start,1:52:18.26,,W 2x Intermediate,MAA-ZAKERS,1073763
272,294,STA,Start,1:52:30.31,,W 2x Intermediate,STA-WHITE,1072527
273,295,WRR,Start,1:52:36.83,,W 2x Intermediate,WRR-FOULDS,1073907
274,296,BBL,Start,1:52:47.20,,W 2x Intermediate,BBL-OAKLEY,1074689
275,297,MAA,Start,1:52:55.18,,W 2x Intermediate,MAABC Watson,1073761
276,298,LEA,Start,1:53:04.78,,W 2x Intermediate,LEA-MINNICH,1075720
277,299,MAR,Start,1:53:12.92,,W 2x Intermediate,MAR-EVANS,1074812
278,300,VRC,Start,1:53:22.22,,W 2x Intermediate,VRC-WOOD,1074364
279,301,CAM,Start,1:53:30.63,,W 2x Intermediate,CAM-VALEN,1072598
280,302,SWP,Start,1:53:37.27,,W J18 2x Championship,SWP-KEEN,1075676
281,303,TSS,Start,1:53:43.75,,W J18 2x Championship,TSS-SUPPLE,1076628
282,304,WLT,Start,1:53:49.87,,W J18 2x Championship,WLT-PANOSE,1072313
283,305,LEH,Start,1:54:02.66,,W J18 2x Championship,LEH-RADFORD,1076154
284,306,SHP,Start,1:54:14.66,,W J18 2x Championship,SHP-WASDELL,1074492
285,307,SWP,Start,1:54:23.57,,W J18 2x Championship,SWP-AYOADE,1075680
286,308,LER,Start,1:54:32.37,,W J18 2x Championship,LER/EXE - HENRY,1073493
287,309,WLT,Start,1:54:40.00,,W J18 2x Championship,WLT-CATLIN,1072314
288,311,SWP,Start,1:54:51.04,,W J18 2x Championship,SWP-MARTIN,1075681
289,313,KSE,Start,1:55:05.64,,W J18 2x Championship,KSE-LANCASTER,1073908
290,315,ARD,Start,1:55:12.32,,W J18 2x Intermediate,ARD-WARREN,1074319
291,316,STN,Start,1:55:20.71,,W J18 2x Intermediate,STN-BURTON,1074697
292,317,CBR,Start,1:55:35.31,,W J18 2x Intermediate,CBR-MACDONALD-TAYLOR,1073824
293,318,SWP,Start,1:55:47.59,,W J18 2x Intermediate,SWP-WAX,1075683
294,319,ASL,Start,1:55:57.24,,W J18 2x Intermediate,ASL-LAMBDEN,1076134
295,320,EMA,Start,1:55:59.97,,W J18 2x Intermediate,EMA - BEAMS,1075858
296,321,SWP,Start,1:56:13.84,,W J18 2x Intermediate,SWP-O'DONNELL,1075699
297,322,KGS,Start,1:56:22.18,,W J18 2x Intermediate,KGS-JONES,1075551
298,323,SRC,Start,1:56:33.87,,W J18 2x Intermediate,SRC-MOULE,1074265
299,324,KSE,Start,1:56:46.80,,W J18 2x Intermediate,KSE-GREATREX,1073914
300,326,SPG,Start,1:56:57.97,,W J18 2x Intermediate,SPG-LOUIS,1073087
301,327,EMA,Start,1:57:05.95,,W J18 2x Club,EMA - JEYNES,1075859
302,,,Start,1:57:17.42,,,,
303,331,PHS,Start,1:57:25.21,,W J18 2x Club,PHS C,1074553
304,332,MAV,Start,1:57:40.44,,W J18 2x Club,MAV-MILEHAM,1073373
305,334,ASL,Start,1:57:49.71,,W J18 2x Club,ASL-BAKE,1076136
306,335,ASL,Start,1:57:58.43,,W J18 2x Club,ASL-ZALT,1076137
307,336,KRC,Start,1:58:07.54,,W J16 2x Championship,KRC-MARTIN,1072244
308,337,TSS,Start,1:58:13.97,,W J16 2x Championship,TSS-MCWILLIAM,1076630
309,338,WYJ,Start,1:58:25.47,,W J16 2x Championship,WYJ-FLETCHER,1073977
310,339,MHD,Start,1:58:35.46,,W J16 2x Championship,MHD-SELLERS,1075830
311,340,WYJ,Start,1:58:44.33,,W J16 2x Championship,WYJ-ROWLES,1076135
312,341,KGS,Start,1:58:57.03,,W J16 2x Championship,KGS-MERRIMAN,1075552
313,342,ARD,Start,1:59:06.96,,W J16 2x Championship,ARD-GANKERSEER,1074223
314,343,KGS,Start,1:59:12.73,,W J16 2x Championship,KGS-FLETT,1075553
315,344,KGS,Start,1:59:28.39,,W J16 2x Championship,KGS-HALLIWELL,1075557
316,345,EMA,Start,1:59:36.93,,W J16 2x Club,EMA - MCAULIFFE,1075504
317,346,BAE,Start,1:59:44.23,,W J16 2x Club,BAE-LEVI,1075955
318,347,STN,Start,1:59:59.83,,W J16 2x Club,STN-BENNETT,1074698
319,348,BAE,Start,2:00:09.20,,W J16 2x Club,BAE-HILLIER,1074840
320,349,ASL,Start,2:00:30.96,,W J16 2x Club,ASL-WIEST,1076139
321,350,WLT,Start,2:00:33.85,,W J16 2x Club,WLT-HEWITT,1072317
322,352,BEB,Start,2:01:10.00,,Op MasD 2x Championship,BEB-JAHNICH,1072548
323,353,BEB,Start,2:01:16.69,,Op MasD 2x Championship,BEB-LONG,1072607
324,354,LRC,Start,2:01:24.19,,Op MasD 2x Championship,LRC-THEED,1073551
325,355,TYN,Start,2:01:33.54,,Op MasD 2x Championship,TYN-HELME,1074839
326,356,ARD,Start,2:01:44.22,,Op MasD 2x Championship,ARD-CARTER,1074219
327,358,SON,Start,2:01:50.56,,Op MasD 2x Championship,SON-SMITH,1073593
328,360,SHV,Start,2:01:55.28,,Op MasD 2x Club,SHV-GASCOINE,1072395
329,361,LRC,Start,2:02:06.67,,Op MasD 2x Club,LRC-LEPPARD,1075694
330,362,BAE,Start,2:02:14.64,,Op MasD 2x Club,BAE-FAWSSETT,1074833
331,363,STA,Start,2:02:24.94,,Op MasD 2x Club,STA-RAINBOW,1072554
332,366,CNN,Start,2:02:35.82,,Op MasD 2x Club,CNN-REDLEY,1076113
333,367,SON,Start,2:02:44.28,,Op MasE 2x,SON-BOERICKE,1072576
334,368,BEB,Start,2:02:47.06,,Op MasE 2x,BEB-MAUNSELL,1073503
335,369,BNT,Start,2:02:49.74,,Op MasE 2x,BNT-BATES,1072423
336,370,TSS,Start,2:02:55.86,,Op MasE 2x,TSS-MCCHESNEY,1073830
337,371,MHD,Start,2:03:03.21,,Op MasE 2x,MHD-RICHARDS,1072592
338,372,LYM,Start,2:03:10.96,,Op MasE 2x,LYM-TAYLOR,1074969
339,373,PTR,Start,2:03:17.14,,Op MasE 2x,PTR-DEBOIS,1073122
340,374,STA,Start,2:03:20.89,,Op MasE 2x,STA-SOGAN,1072553
341,375,ARD,Start,2:03:24.14,,Op MasF 2x,ARD-VINCENT,1074221
342,376,QBC,Start,2:03:31.51,,Op MasF 2x,QBC-HYSLOP,1074657
343,377,TRC,Start,2:03:41.81,,Op MasF 2x,TRC-SEDDON,1075874
344,378,TSS,Start,2:03:49.38,,Op MasF 2x,TSS-SUTHERS,1073831
345,379,MAA,Start,2:03:52.74,,Op MasF 2x,MAA-Carpenter,1073527
346,380,BRX,Start,2:03:57.28,,Op MasF 2x,BRX-BRANDON,1074030
347,381,GUI,Start,2:04:10.15,,Op MasG 2x,GUI-WOOWAT,1073369
348,382,VRC,Start,2:04:22.06,,Op MasG 2x,VRC-MEW,1076011
349,383,MAA,Start,2:04:28.66,,Op MasG 2x,MAA-ROBERTS,1073528
350,385,DAT,Start,2:04:33.65,,Op MasG 2x,DAT-STEWART,1072394
351,387,QBC,Start,2:04:50.57,,Op MasG 2x,QBC-ST JOHN BAGNALL,1072526
352,388,GUI,Start,2:04:55.48,,Op MasH 2x,GUI-HALL,1072942
353,390,BEB,Start,2:05:04.82,,Op MasH 2x,BEB-STUART-MENTEATH,1073005
354,389,PTR,Start,2:05:19.30,,Op MasH 2x,PTR-COWELL,1073123
355,391,AKN,Start,2:05:29.68,,Op MasH 2x,AKN-SAUNDERS,1075841
356,392,WRC,Start,2:07:43.23,,W 2x Club,WRC-BUTLER,1072416
357,393,UYO,Start,2:07:56.90,,W 2x Club,UYO-COLLINS-TAYLOR,1073232
358,394,CAB,Start,2:08:08.42,,W 2x Club,CAB-OAKLEY,1074760
359,395,MHD,Start,2:08:19.87,,W 2x Club,MHD SW- FLETT,1072451
360,396,YRK,Start,2:08:27.60,,W 2x Club,YRK-NICHOLSON,1073094
361,398,MAA,Start,2:08:42.22,,W 2x Club,MAA-ROBINSON,1073762
362,399,MAA,Start,2:08:47.32,,W 2x Club,MAA-HAMPTON,1073766
363,401,HSB,Start,2:08:57.82,,W 2x Club,HSB-MCGREGOR-MACDONALD,1074825
364,402,CBR,Start,2:09:04.49,,W 2x Club,CBR-PRICE,1073562
365,403,FSC,Start,2:09:19.04,,W 2x Club,FSC-THORP,1074231
366,404,FSC,Start,2:09:32.25,,W 2x Club,FSC-MARTINOVICH,1074232
367,405,MAA,Start,2:09:40.72,,W 2x Club,MAA-WHITE,1073765
368,407,LEA,Start,2:09:49.70,,W MasB 2x Championship,LEA-FUTORYANOVA,1072615
369,408,GLR,Start,2:09:55.79,,W MasB 2x Championship,GLR-JEFFERY,1073815
370,410,TSS,Start,2:10:02.21,,W MasB 2x Championship,TSS-HICKMOTT,1074974
371,413,TYU,Start,2:10:18.41,,W MasB 2x Club,TYU-BOLTON,1072284
372,414,TSS,Start,2:10:28.62,,W MasB 2x Club,TSS-EISDELL,1074782
373,415,CAB,Start,2:10:35.99,,W 2x Club,CAB-MAHONEY-TO,1075832
374,416,TWK,Start,2:10:39.11,,W MasB 2x Club,TWK-DUGGAN,1074173
375,417,CNN,Start,2:10:48.26,,W MasB 2x Club,CNN-CHAMPION,1073857
376,418,MAA,Start,2:10:59.71,,W MasC 2x Championship,MAA-RAMSDEN,1073320
377,419,ETX,Start,2:11:06.26,,W MasC 2x Championship,ETX-HAGUE,1075192
378,420,MHD,Start,2:11:11.68,,W MasC 2x Championship,MHD SW- MARTI,1072450
379,421,BBL,Start,2:11:15.63,,W MasC 2x Championship,BBL-RICHARDSON,1074693
380,422,ETX,Start,2:11:20.86,,W MasC 2x Championship,ETX-MOON,1075191
381,,,Start,2:11:29.49,,,,
382,425,MAA,Start,2:11:49.83,,W MasC 2x Club,MAA-BROWN,1073319
383,426,BRX,Start,2:11:53.56,,W MasC 2x Club,BRX-DODSWORTH,1074618
384,427,CBR,Start,2:11:58.13,,W MasC 2x Club,CBR-REEVE,1073492
385,428,WLT,Start,2:12:11.40,,Op MasE 2-,WLT-GROOM,1072302
386,429,ARD,Start,2:12:12.57,,Op MasE 2-,ARD-HOWE,1074216
387,,,Start,2:12:27.00,,,,
388,432,QBC,Start,2:12:36.53,,Op MasF/G 2-,QBC-HINE,1072596
389,434,ABN,Start,2:12:51.10,,Op MasF/G 2-,ABN-KEOGH,1072412
390,435,NWK,Start,2:12:57.12,,Op MasF/G 2-,Newark / Hollingworth Lake,1073237
391,436,PTR,Start,2:13:06.50,,Op MasF/G 2-,PTR-DESMOND,1073142
392,438,MHD,Start,2:13:13.50,,Op MasF/G 2-,MHD-JANISCH,1072612
393,439,PTR,Start,2:13:34.04,,W 2x Freshers,PTR-TAUBE,1074849
394,440,IEL,Start,2:13:40.18,,W 2x Freshers,IEL-ISAAC,1076111
395,441,MAA,Start,2:13:50.51,,W 2x Freshers,MAA-AITKEN,1073764
396,442,PLE,Start,2:14:02.56,,W 2x Freshers,PLE-RIMMER,1072503
397,443,DAT,Start,2:14:10.40,,W 2x Freshers,DAT-BURRIDGE,1074603
398,444,STN,Start,2:14:14.00,,W 2x Freshers,STN-BROWN,1075102
399,445,MAR,Start,2:14:22.95,,W 2x Freshers,MAR-FELIXSON,1074811
400,446,MAR,Start,2:14:29.61,,W 2x Freshers,MAR-O'MALLEY,1074813
401,447,UTC,Start,2:14:34.67,,W MasD 2x,MAA/Upper Thames,1072585
402,448,CBR,Start,2:14:41.90,,W MasD 2x,CBR-FULLMAN,1072501
403,449,CHA,Start,2:14:57.98,,W MasD 2x,CHA-MILLS,1073229
404,450,RAF,Start,2:15:05.64,,W MasD 2x,RAF-ELKINGTON,1072910
405,451,HEN,Start,2:15:16.90,,W MasD 2x,HEN-TURNELL,1073014
406,452,SON,Start,2:15:32.35,,W MasD 2x,SON-FARROW,1073459
407,453,BRX,Start,2:15:46.15,,W MasD 2x,BRX-FINDELL,1073760
408,454,KRC,Start,2:15:46.87,,W MasE 2x Championship,KRC-WILLETT,1074445
409,456,TWK,Start,2:15:53.27,,W MasE 2x Championship,TWK-WALTERS,1074185
410,458,HEN,Start,2:16:07.22,,W MasE 2x Championship,HEN-KNOWLES,1074368
411,459,FAL,Start,2:16:13.50,,W MasE 2x Championship,FAL-SMITH,1072828
412,460,MAR,Start,2:16:22.00,,W MasE 2x Club,MAR-RICE,1074810
413,461,LER,Start,2:16:33.79,,W MasE 2x Club,LER-PULFORD,1073626
414,462,ETX,Start,2:16:41.30,,W MasE 2x Club,ETX-KELLY,1075190
415,463,BBL,Start,2:16:54.94,,W MasE 2x Club,BBL-BROADHURST,1074694
416,464,STK,Start,2:17:12.19,,W MasE 2x Club,Trentham - hallam,1072967
417,467,BED,Start,2:17:21.52,,W MasF 2x,BED-HELE,1072363
418,469,TSS,Start,2:17:35.28,,W MasF 2x,TSS-LAWRENCE,1072965
419,466,MIK,Start,2:17:47.65,,W MasE 2x Club,MIK-HARKNESS ROSEWELL,1072946
420,470,YRK,Start,2:17:52.01,,W MasF 2x,YRK-PORTE,1073091
1,3,UTC,Finish,1:13:17.61,,Op 2x Championship,UTC-FOSTER,1073233
2,4,MBC,Finish,1:13:18.23,,Op 2x Championship,MBC-SALONNA,1074710
3,2,FSC,Finish,1:14:04.97,1:13:53.09,Op 2x Championship,FSC-DICKINSON,1073730
4,5,TSS,Finish,1:14:09.86,,Op 2x Championship,TSS-PARNELL-2,1076621
5,6,CAB,Finish,1:14:38.39,,Op 2x Championship,CAB-GOODE,1074473
6,8,CNN,Finish,1:15:23.61,,Op 2x Intermediate,CNN-WRIGHT,1074488
7,15,IMP,Finish,1:15:29.07,,Op 2x Intermediate,IMP-LEFLAIVE-MANLEY-2,1076122
8,14,SNE,Finish,1:15:35.80,,Op 2x Intermediate,SNE-WILLIAMS,1075578
9,16,VRC,Finish,1:15:48.18,,Op 2x Intermediate,VRC-HERNANDEZ,1075977
10,10,LER,Finish,1:15:50.18,,Op 2x Intermediate,LER-BOWLES,1073625
11,7,CNN,Finish,1:16:06.01,,Op 2x Championship,CNN-YOUNG,1074489
12,17,IMP,Finish,1:16:10.75,,Op 2x Intermediate,IMP-BENTLEY,1076124
13,11,STK,Finish,1:16:17.53,,Op 2x Intermediate,STK-WARRINGTON,1076037
14,18,RAF,Finish,1:16:19.68,,Op 2x Intermediate,RAF-JACKMAN,1073272
15,21,IMP,Finish,1:16:32.04,,Op 2- Championship,IMP-FRASER,1076120
16,20,IMP,Finish,1:16:44.53,,Op 2- Championship,IMP-SIMMONDS,1076119
17,19,MAV,Finish,1:17:42.50,,Op 2x Intermediate,MAV-MIDWINTER-TO,1073375
18,30,QBC,Finish,1:17:44.54,,Op 2- Senior,QBC-EWING,1072525
19,23,KRC,Finish,1:17:48.85,,Op 2- Championship,KRC-CICCARELLI,1073924
20,25,IMP,Finish,1:17:51.44,,Op 2- Championship,IMP-WALSH,1076121
21,1,TSS,Finish,1:17:55.05,,Op 2x Championship,TSS-BROWN,1076620
22,26,KRC,Finish,1:18:05.57,,Op 2- Championship,KRC-PEPPER,1073901
23,22,UTC,Finish,1:18:12.50,,Op 2- Championship,Senior/Senior,1074036
24,24,UWK,Finish,1:18:15.16,,Op 2- Championship,UWK-BEDFORD,1074316
25,28,UTC,Finish,1:18:26.00,,Op 2- Championship,UTC-JINKS,1076112
26,29,KCS,Finish,1:18:35.60,,Op 2- Senior,KCS-TYRRELL,1075743
27,27,UWK,Finish,1:18:39.61,,Op 2- Championship,UWK-HUTCHINSON,1074315
28,9,WLT,Finish,1:18:47.12,,Op 2x Intermediate,WLT-SWEDLOW,1073643
29,31,KCS,Finish,1:18:48.69,,Op 2- Senior,KCS-EDINGTON,1075745
30,33,SPS,Finish,1:19:02.85,,Op 2- Senior,SPS-GILLARD-2,1074852
31,12,WAR,Finish,1:19:14.53,,Op 2x Intermediate,WAR-GITTUS,1075801
32,32,CBR,Finish,1:19:24.17,,Op 2- Senior,CBR-ACTON,1073713
33,37,MBC,Finish,1:19:55.51,,Op 2- Championship,MBC-CASSELLS-TO,1076003
34,36,PTR,Finish,1:20:35.22,,Op 2- Senior,PTR-DISERENS,1074032
35,35,CAM,Finish,1:20:39.05,,Op 2- Senior,CAM-PRICE,1072537
36,39,MAV,Finish,1:20:55.47,,Op 2- Senior,MAV-WATERHOUSE,1073178
37,38,KCS,Finish,1:21:10.09,,Op 2- Senior,KCS-BETTELEY,1075744
38,41,BAU,Finish,1:21:11.65,,Op 2- Senior,BAU-JONES,1072618
39,44,PTR,Finish,1:21:16.10,,Op 2- Intermediate,PTR-DUNCOMB,1074033
40,40,VRC,Finish,1:21:32.06,,Op 2- Senior,VRC-CLEMENTS,1075225
41,43,AKN,Finish,1:21:51.17,,Op 2- Intermediate,AKN-HERRIDGE,1073533
42,42,CAM,Finish,1:22:15.28,,Op 2- Intermediate,CAM-SHADBOLT,1072536
43,46,AKN,Finish,1:22:46.39,,Op 2- Intermediate,AKN-FESENKO,1075835
44,45,CNN,Finish,1:22:47.95,,Op 2- Intermediate,CNN-SHAW,1074487
45,63,SPS,Finish,1:23:12.70,,Op J18 2- Championship,SPS-PARISH,1074050
46,50,KCA,Finish,1:23:18.40,,Op 2- Intermediate,KCA-LEWIS,1075711
47,47,VRC,Finish,1:23:28.27,,Op 2- Intermediate,VRC-RADCKE,1073897
48,51,PTR,Finish,1:23:30.78,,Op 2- Intermediate,PTR-ANDERSON,1074034
49,53,CYG,Finish,1:23:44.13,,Op 2- Intermediate,CYG-Sears,1074128
50,55,LER,Finish,1:23:47.09,,Op 2- Club,LER-HARDING,1075722
51,48,UYO,Finish,1:23:56.38,,Op 2- Intermediate,UYO-NESOM,1073692
52,64,SPS,Finish,1:24:11.20,,Op J18 2- Championship,SPS-GILLARD,1074052
53,66,SHP,Finish,1:24:21.89,,Op J18 2- Championship,SHP-BROWN,1074465
54,65,SPS,Finish,1:24:29.33,,Op J18 2- Championship,SPS-SPIERS,1074058
55,34,STA,Finish,1:24:33.93,,Op 2- Senior,STA-MULKERRINS,1073481
56,67,SPS,Finish,1:24:41.56,,Op J18 2- Championship,SPS-VALT,1074054
57,54,BRX,Finish,1:24:42.71,,Op 2- Club,BRX-MAYNES,1075982
58,60,PAR,Finish,1:24:48.30,,Op 2- Club,PAR-BAGGALEY,1072569
59,68,SPS,Finish,1:24:51.97,,Op J18 2- Championship,SPS-CRAIG MCFEELY,1074051
60,62,MOS,Finish,1:24:53.43,,Op 2- Club,MOS-BRIGHTON,1074035
61,56,WRR,Finish,1:25:03.54,,Op 2- Club,WRR-PHILLIPS,1073906
62,61,QBC,Finish,1:25:09.96,,Op 2- Club,QBC-BOYD,1072547
63,69,SPS,Finish,1:25:12.47,,Op J18 2- Championship,SPS-TAYLOR,1074053
64,58,TWK,Finish,1:25:21.54,,Op 2- Club,TWK-MARTIN,1074171
65,59,PTR,Finish,1:25:23.63,,Op 2- Club,PTR-CHADWICK,1074443
66,72,WLT,Finish,1:25:37.52,,Op J18 2- Championship,WLT-HEYWOOD,1072304
67,71,SHP,Finish,1:26:00.11,,Op J18 2- Championship,SHP-HJORTLAND-MARKS,1074461
68,70,SHP,Finish,1:26:04.89,,Op J18 2- Championship,SHP-ASH,1074463
69,74,SHP,Finish,1:26:15.48,,Op J18 2- Championship,SHP-BROCKWAY,1074466
70,76,NSC,Finish,1:26:17.50,,Op J18 2- Club,NSC - I,1073783
71,73,NSC,Finish,1:26:28.86,,Op J18 2- Championship,NSC - III,1073785
72,77,NSC,Finish,1:26:33.23,,Op J18 2- Club,NSC - II,1073784
73,75,SHP,Finish,1:27:11.23,,Op J18 2- Club,SHP-WALLER,1074468
74,78,NSC,Finish,1:27:28.98,,Op J18 2- Club,NSC - IIII,1073789
75,83,WLT,Finish,1:27:32.91,,Op J18 2- Club,WLT-ROBINSON,1072303
76,82,SHP,Finish,1:27:42.64,,Op J18 2- Club,SHP-WOMBWELL,1074899
77,89,ITC,Finish,1:27:56.08,,Op 2x Club,ITC-FOAD,1073705
78,79,NSC,Finish,1:27:58.59,,Op J18 2- Club,NSC - IIIII,1073790
79,80,MAV,Finish,1:28:22.69,,Op J18 2- Club,MAV-POLOM,1073182
80,94,IMP,Finish,1:28:35.51,,Op Lwt 2x Championship,IMP-FISHER,1076123
81,84,STN,Finish,1:28:52.08,,Op J18 2- Club,STN-WATERS,1074722
82,91,TWK,Finish,1:28:54.66,,Op 2x Club,TWK-CLOVER,1074527
83,85,NSC,Finish,1:29:03.95,,Op J18 2- Club,NSC - IIIIII-TO,1073791
84,97,WLT,Finish,1:29:21.54,,Op Lwt 2x Championship,WLT-PICKERING,1073017
85,88,CNN,Finish,1:29:28.69,,Op 2x Club,CNN-MEADOWS,1074491
86,96,TWK,Finish,1:29:46.69,,Op Lwt 2x Championship,TWK-WOOLLER,1076001
87,90,CRC,Finish,1:29:47.80,,Op 2x Club,Burgess/O'Rourke,1076117
88,99,MER,Finish,1:29:50.14,,Op Lwt 2x Championship,Picard,1073817
89,98,UBR,Finish,1:30:00.21,,Op Lwt 2x Championship,Univeristy of Bristol Boat Club/Cantabri,1075878
90,106,LDR,Finish,1:30:14.14,,Op J18 2x Championship,LDR-1,1073825
91,95,UWK,Finish,1:30:26.28,,Op Lwt 2x Championship,UWK-JORDAN,1074318
92,107,LEA,Finish,1:30:30.85,,Op J18 2x Championship,LEA-DEN DULK,1072820
93,92,PTR,Finish,1:30:40.40,,Op 2x Club,PTR-FRANCE,1074459
94,87,AKN,Finish,1:30:43.53,,Op 2x Club,AKN-BURMESTER,1075840
95,100,STN,Finish,1:31:02.21,,Op Lwt 2x Club,STN-MCLAUGHLIN,1074724
96,102,MAV,Finish,1:31:03.24,,Op Lwt 2x Club,MAV-MIHR,1073039
97,109,LEA,Finish,1:31:23.30,,Op J18 2x Championship,LEA-FERRARO,1072821
98,101,CAM,Finish,1:31:29.45,,Op Lwt 2x Club,CAM-SINCLAIR,1072535
99,105,CAM,Finish,1:31:34.10,,Op Lwt 2x Club,CAM-LADD,1072539
100,114,ETN,Finish,1:32:09.14,,Op J18 2x Championship,ETN-PEARSON,1075881
101,93,AKN,Finish,1:32:13.89,,Op 2x Club,AKN-BENNIE,1075837
102,108,KSE,Finish,1:32:18.49,,Op J18 2x Championship,KSE-WHITE,1073910
103,113,ETN,Finish,1:32:26.90,,Op J18 2x Championship,ETN-NUNAYON,1075880
104,112,ASL,Finish,1:32:33.38,,Op J18 2x Championship,ASL-WILKIN,1076133
105,104,CAB,Finish,1:32:51.57,,Op Lwt 2x Club,CAB-TATE,1076012
106,110,KGS,Finish,1:32:53.97,,Op J18 2x Championship,KGS,1075540
107,103,RAF,Finish,1:33:04.98,,Op Lwt 2x Club,RAF-BANKS,1075196
108,117,SPS,Finish,1:33:10.36,,Op J18 2x Intermediate,SPS-HARRAY,1074061
109,118,EMA,Finish,1:33:14.65,,Op J18 2x Intermediate,EMA-BLIGH,1075422
110,120,EMA,Finish,1:33:19.98,,Op J18 2x Intermediate,EMA-KITCHEN,1075419
111,115,WLT,Finish,1:33:22.48,,Op J18 2x Intermediate,WLT-ROBERTS,1072305
112,116,DUL,Finish,1:33:36.34,,Op J18 2x Intermediate,P Miles,1073737
113,,,Finish,1:33:37.64,,,,
114,125,SPS,Finish,1:33:47.26,,Op J18 2x Intermediate,SPS-ISOLA,1074062
115,126,KCS,Finish,1:33:59.42,,Op J18 2x Intermediate,Cabot,1075740
116,128,ETN,Finish,1:34:16.39,,Op J18 2x Intermediate,ETN-BURGES WATSON,1075884
117,124,ETN,Finish,1:34:17.76,,Op J18 2x Intermediate,ETN-WATSON GANDY,1075882
118,122,SPS,Finish,1:34:18.69,,Op J18 2x Intermediate,SPS-CRAIG-MCFEELY,1074060
119,,,Finish,1:34:19.28,,,,
120,127,SRC,Finish,1:34:38.06,,Op J18 2x Intermediate,SRC-MCLOUGHLIN,1074263
121,129,MAV,Finish,1:35:03.88,,Op J18 2x Club,MAV-WISE,1073179
122,130,KCS,Finish,1:35:08.02,,Op J18 2x Club,KCS-TOWNSEND,1075741
123,131,DUL,Finish,1:35:10.70,,Op J18 2x Club,R Dunley,1073734
124,133,KCS,Finish,1:35:35.40,,Op J18 2x Club,KCS-HOLMES,1075742
125,132,KCS,Finish,1:35:42.48,,Op J18 2x Club,Pearson,1075739
126,134,DUL,Finish,1:36:05.84,,Op J18 2x Club,J Dunley,1073735
127,140,WYJ,Finish,1:36:09.49,,Op J16 2x Championship,WYJ-VAN DER LINDEN,1073975
128,139,ETN,Finish,1:36:14.04,,Op J18 2x Club,ETN-GORDON-BROWN,1075887
129,137,SPS,Finish,1:36:32.77,,Op J18 2x Club,SPS-ROSENFELD,1074059
130,144,MAV,Finish,1:36:44.95,,Op J16 2x Championship,MAV-HORLOCK,1073695
131,136,MAV,Finish,1:36:55.72,,Op J18 2x Club,MAV-DIXON,1073180
132,141,WLT,Finish,1:37:01.95,,Op J16 2x Championship,WLT-SCHIOLDAN,1072308
133,138,ETN,Finish,1:37:08.69,,Op J18 2x Club,ETN-VAN STEENIS,1075885
134,148,WLT,Finish,1:37:15.54,,Op J16 2x Championship,WLT-RACKETT,1072307
135,147,SPS,Finish,1:37:23.15,,Op J16 2x Championship,SPS-MIDDLETON,1074057
136,143,KGS,Finish,1:37:33.96,,Op J16 2x Championship,KGS-COOPER,1075549
137,142,WYJ,Finish,1:37:39.23,,Op J16 2x Championship,WYJ-LOCH,1073976
138,146,KGS,Finish,1:37:48.78,,Op J16 2x Championship,KGS Romberg,1075547
139,145,SPS,Finish,1:37:49.19,,Op J16 2x Championship,SPS-GALAY,1075594
140,151,SHP,Finish,1:38:38.56,,Op J16 2x Club,SHP-HUMPHRIS,1074450
141,149,DUL,Finish,1:38:48.31,,Op J16 2x Championship,J Mountain,1073738
142,152,DUL,Finish,1:39:10.62,,Op J16 2x Club,G Able,1073742
143,150,ASL,Finish,1:39:26.00,,Op J16 2x Championship,ASL-Hansen,1076140
144,153,DUL,Finish,1:39:53.83,,Op J16 2x Club,M Able,1073741
145,154,DUL,Finish,1:40:17.61,,Op J16 2x Club,D West,1073739
146,157,ETN,Finish,1:41:26.68,,Op J16 2x Club,ETN-FERGUSON,1074907
147,155,SPS,Finish,1:41:32.46,,Op J16 2x Club,SPS-O'Sullivan,1075596
148,156,BAE,Finish,1:41:53.97,,Op J16 2x Club,BAE-WILLIAMS,1074841
149,159,ETN,Finish,1:42:01.48,,Op J16 2x Club,ETN-LIAUTAUD,1074908
150,160,ETN,Finish,1:42:11.41,,Op J16 2x Club,ETN-GRUNDY,1074909
151,164,MAR,Finish,1:42:37.79,,W Supported Adaptive 2-,MAR-HARRISON,1074816
152,161,ETN,Finish,1:43:45.34,,Op J16 2x Club,ETN-GEFFEN,1074910
153,166,WBK,Finish,1:43:55.85,,Mx 2x Championship,WBK-GALLAGHER,1072687
154,167,MON,Finish,1:44:03.31,,Mx 2x Championship,MON-RODFORD,1075853
155,168,SNE,Finish,1:44:38.11,,Mx 2x Championship,SNE-SHREEVES,1073929
156,170,TSS,Finish,1:44:41.20,,W 2x Championship,TSS-WILKINSON-FELLER,1076625
157,169,ZFS,Finish,1:44:50.59,,Mx 2x Championship,ZFS-HAYES,1072850
158,171,TRC,Finish,1:45:25.42,,W 2x Championship,COMP TRC/OBU - PERRY,1074511
159,173,VRC,Finish,1:45:40.43,,W 2x Championship,VRC-MCKELLAR,1074904
160,174,IPS,Finish,1:46:10.02,,W 2x Championship,IPS-GOODCHILD,1073433
161,180,STK,Finish,1:46:17.21,,Mx 2x Club,Cruxton,1072983
162,179,NWK,Finish,1:46:25.09,,Mx 2x Club,NWK - Whitehead,1072552
163,172,PBD,Finish,1:46:31.22,,W 2x Championship,PBD-OHENE,1073362
164,175,IMP,Finish,1:46:41.56,,W 2x Championship,IMP-KIRKPATRICK-TO,1076116
165,185,QBC,Finish,1:46:45.19,,Op MasB 2x,QBC Mas B,1074679
166,177,TSS,Finish,1:46:45.72,,W 2x Championship,TSS-RICKS-TO,1076626
167,182,BSC,Finish,1:47:01.15,,Mx 2x Club,BSC-BOCKELMANN,1076109
168,181,STN,Finish,1:47:17.97,,Mx 2x Club,STN-GILLESPIE,1075778
169,176,IMP,Finish,1:47:19.48,,W 2x Championship,IMP-MUSOLLARI-TO,1076115
170,178,LEH,Finish,1:47:24.86,,W 2x Championship,LEH-COOPER,1076156
171,184,ABN,Finish,1:47:28.78,,Mx 2x Club,ABN-FERGUS,1072413
172,187,HSB,Finish,1:48:17.71,,Op MasB 2x,David/Pierre,1074427
173,186,EXE,Finish,1:48:27.99,,Op MasB 2x,EXE-Jacobs,1075834
174,192,AKN,Finish,1:48:35.06,,Op MasC 2x Championship,AKN-MACKWORTH-PRAED,1074610
175,183,HIL,Finish,1:48:40.48,,Mx 2x Club,HIL-HUMPHRIS,1075804
176,191,SHP,Finish,1:48:55.02,,Op MasB 2x,SHP-CURRIE,1074902
177,193,EXE,Finish,1:49:10.87,,Op MasC 2x Championship,EXE-BYRNES,1072819
178,194,PBD,Finish,1:49:22.28,,Op MasC 2x Championship,PBD/MTR,1072581
179,195,FSC,Finish,1:49:35.88,,Op MasC 2x Championship,FSC-HELLIER,1073729
180,188,BRA,Finish,1:49:41.91,,Op MasB 2x,BRA-HERBERT,1075799
181,196,MBC,Finish,1:49:50.88,,Op MasC 2x Championship,MBC-PEARSON-TO,1072941
182,197,TRC,Finish,1:50:16.59,,Op MasC 2x Club,TRC-CORDAL SUFFERT,1073598
183,189,RAF,Finish,1:50:45.97,,Op MasB 2x,RAF-ROWELL,1073519
184,202,CYG,Finish,1:51:20.91,,Op MasC 2x Club,CYG-Suthers,1074126
185,199,LRC,Finish,1:51:31.51,,Op MasC 2x Club,LRC-BROOKS,1073782
186,190,SON,Finish,1:52:07.75,,Op MasB 2x,SON-CRO,1074396
187,198,VRC,Finish,1:53:02.03,,Op MasC 2x Club,VRC-WILLIAMS,1073644
188,201,RAF,Finish,1:53:03.03,,Op MasC 2x Club,RAF-MACDONALD,1073517
189,206,AVN,Finish,1:53:18.68,,Mx MasB/C 2x,AVN-BARTON,1072426
190,204,DUR,Finish,1:53:34.66,,Mx MasB/C 2x,DUR-FORSTER,1072966
191,210,BEB,Finish,1:53:42.31,,Mx MasD/E 2x,BEB-MORRIS,1072362
192,203,VRC,Finish,1:53:48.59,,Mx MasB/C 2x,VRC-HOWARD,1073904
193,211,UPT,Finish,1:53:56.77,,Mx MasD/E 2x,UPT-SCRIVENER,1074148
194,212,ABN,Finish,1:54:35.59,,Mx MasD/E 2x,ABN-BAKER,1072414
195,,,Finish,1:54:37.79,,,,
196,217,MAA,Finish,1:54:46.37,,Mx MasF/G 2x,MAA/QBC,1073118
197,209,PTR,Finish,1:55:12.39,,Mx MasB/C 2x,PTR-CULLEY,1074336
198,213,CHA,Finish,1:55:25.65,,Mx MasD/E 2x,CHA-REED,1073217
199,207,SUA,Finish,1:55:26.31,,Mx MasB/C 2x,SUA-SHEKLETON-MAHER,1073286
200,218,ARD,Finish,1:55:42.84,,Mx MasF/G 2x,MxdF 2x,1074668
201,216,CBR,Finish,1:55:45.59,,Mx MasD/E 2x,CBR-LINEHAN,1073313
202,,,Finish,1:55:49.22,,,,
203,224,BRX,Finish,1:56:00.17,,Op MasB 2-,BRX-SCORAH,1074031
204,208,FSC,Finish,1:56:09.24,,Mx MasB/C 2x,FSC-EHR,1074234
205,223,SON,Finish,1:56:30.41,,Op MasB 2-,SON-FODEN,1075759
206,226,ZBC,Finish,1:56:56.93,,Op MasB 2-,ZBC-HIDALGO,1072401
207,219,BNT,Finish,1:57:14.66,,Mx MasF/G 2x,BNT-SARGENT,1074213
208,229,UTC,Finish,1:57:17.49,,Op MasC 2-,UTC-Jacobs,1072345
209,228,SPS,Finish,1:57:23.79,,Op MasB 2-,SPS-DE FROBERVILLE,1074055
210,232,ARD,Finish,1:57:32.83,,Op MasC 2-,ARD-DOMBROWE/HUMPHRIS,1073549
211,230,UTC,Finish,1:57:35.64,,Op MasC 2-,UTC-TRITTON,1076108
212,236,TWK,Finish,1:57:51.02,,Op MasC 2-,TWK-BOILEAU,1076509
213,231,CAM,Finish,1:57:56.89,,Op MasC 2-,CAM-WARE,1072549
214,220,DAT,Finish,1:58:12.05,,Mx MasF/G 2x,DAT-LANGMAID,1074496
215,221,BEB,Finish,1:58:12.69,,Mx MasF/G 2x,BEB-SUTHERS,1072905
216,233,SON,Finish,1:58:22.56,,Op MasC 2-,#ForeverYoung,1072517
217,237,MHD,Finish,1:58:29.92,,Op MasD 2-,MHD-BIRD,1073530
218,235,CUR,Finish,1:58:46.12,,Op MasC 2-,CUR-DRUIFF,1075931
219,238,WLT,Finish,1:58:55.50,,Op MasD 2-,WLT-GRAYWOOD,1073939
220,234,CBR,Finish,1:58:56.36,,Op MasC 2-,CBR-HARDING,1072505
221,239,ABN,Finish,1:59:06.23,,Op MasD 2-,ABN-SIMMONDS,1072411
222,222,LEA,Finish,1:59:11.46,,Mx MasF/G 2x,LEA-HARE,1072616
223,225,ETX,Finish,1:59:20.54,,Op MasB 2-,ETX-WINCOMB,1076152
224,241,LEA,Finish,1:59:23.97,,W 2- Championship,LEA-BROCK,1076142
225,242,AKN,Finish,1:59:47.82,,W 2- Championship,AKN-INNES-HOPKINS,1075839
226,243,CAB,Finish,1:59:56.02,,W 2- Championship,CAB-DE BRUIN,1074759
227,244,MAA,Finish,2:00:07.36,,W 2- Championship,MAA-PIPER,1073770
228,245,MAA,Finish,2:00:14.56,,W 2- Championship,MAA-BROWN-2,1073768
229,249,MBC,Finish,2:00:35.46,,W 2- Championship,MBC-PRICE,1076130
230,251,PHS,Finish,2:00:38.28,,W J18 2- Championship,PHS P,1074522
231,248,IMP,Finish,2:00:44.69,,W 2- Championship,IMP-CAYOL-TO,1076118
232,250,FSC,Finish,2:00:57.59,,W 2- Championship,FSC-PESOLA,1073153
233,247,CBR,Finish,2:00:58.82,,W 2- Championship,CBR-O'NEILL,1073331
234,256,KRC,Finish,2:01:14.51,,W J18 2- Championship,KRC-MEDCALF,1072245
235,255,LEA,Finish,2:01:16.03,,W J18 2- Championship,LEA-MILLARD,1073016
236,240,RAF,Finish,2:01:34.06,,Op MasD 2-,RAF-HANNAFORD,1073515
237,246,STN,Finish,2:01:35.18,,W 2- Championship,STN-BURDON,1075093
238,254,LEA,Finish,2:01:40.15,,W J18 2- Championship,LEA-FROGGATT-BROWN,1073015
239,253,PHS,Finish,2:01:52.04,,W J18 2- Championship,PHS H,1074523
240,257,KRC,Finish,2:02:03.37,,W J18 2- Championship,KRC-QUIN,1072246
241,261,PTR,Finish,2:02:33.79,,W 2- Club,PTR-PERKINS,1074855
242,259,BBL,Finish,2:03:01.03,,W 2- Club,BBL-MARTIN,1074695
243,266,CAM,Finish,2:03:25.98,,W 2- Club,CAM-LARGE,1072532
244,268,EMA,Finish,2:03:43.55,,W J18 2- Club,EMA - THOMAS,1075860
245,272,WLT,Finish,2:03:44.46,,W J18 2- Club,WLT-FANTHAM,1072315
246,273,WLT,Finish,2:04:15.93,,W J18 2- Club,WLT-GRIMSHAW,1072316
247,,,Finish,2:04:16.15,,,,
248,,,Finish,2:04:17.47,,,,
249,262,HSB,Finish,2:04:37.68,,W 2- Club,HSB-BERESFORD-KNOX,1073984
250,263,STN,Finish,2:04:38.79,,W 2- Club,STN-BOORMAN,1075096
251,267,STN,Finish,2:04:54.17,,W 2- Club,STN-WARREN,1075098
252,277,CAB,Finish,2:05:04.79,,W MasB/C 2-,CAB-COOPER,1074761
253,278,TYN,Finish,2:05:06.73,,W MasB/C 2-,TYN-HUGHES,1073164
254,260,PTR,Finish,2:05:19.31,,W 2- Club,PTR-PATTISON,1074850
255,269,MAV,Finish,2:05:24.52,,W J18 2- Club,MAV-PARSLER,1073696
256,275,BAE,Finish,2:05:42.97,,W J18 2- Club,BAE-BOTT,1075889
257,279,WEY,Finish,2:05:51.35,,W MasD/E 2-,WEY-BRADY,1072474
258,281,YRK,Finish,2:06:27.62,,W MasD/E 2-,YRK-PRESS,1073090
259,285,TSS,Finish,2:06:53.77,,W Lwt 2x,TSS-BLOOMER,1076627
260,286,VRC,Finish,2:07:34.67,,W Lwt 2x,VRC-MCGREGOR-RITCHIE,1075679
261,287,CAB,Finish,2:07:49.67,,W Lwt 2x,CAB-PLUNKETT,1074762
262,288,FUL,Finish,2:08:08.28,,W Lwt 2x,FUL-ALLGAIER,1074755
263,289,MAA,Finish,2:08:19.60,,W Lwt 2x,MAA-JONES,1073769
264,295,WRR,Finish,2:08:49.91,,W 2x Intermediate,WRR-FOULDS,1073907
265,292,WRC,Finish,2:08:52.52,,W 2x Intermediate,WRC-WILKS,1076028
266,294,STA,Finish,2:08:58.17,,W 2x Intermediate,STA-WHITE,1072527
267,291,BBL,Finish,2:08:59.55,,W 2x Intermediate,BBL-CAHILL,1074691
268,283,WEY,Finish,2:09:08.06,,W MasF/H 2-,WEY-MORRIS,1073432
269,290,WRC,Finish,2:09:09.71,,W Lwt 2x,WRC-SLATER,1072682
270,293,MAA,Finish,2:09:16.28,,W 2x Intermediate,MAA-ZAKERS,1073763
271,298,LEA,Finish,2:09:28.86,,W 2x Intermediate,LEA-MINNICH,1075720
272,303,TSS,Finish,2:09:30.17,,W J18 2x Championship,TSS-SUPPLE,1076628
273,302,SWP,Finish,2:09:32.59,,W J18 2x Championship,SWP-KEEN,1075676
274,304,WLT,Finish,2:09:34.31,,W J18 2x Championship,WLT-PANOSE,1072313
275,297,MAA,Finish,2:09:55.70,,W 2x Intermediate,MAABC Watson,1073761
276,300,VRC,Finish,2:09:58.39,,W 2x Intermediate,VRC-WOOD,1074364
277,296,BBL,Finish,2:10:21.64,,W 2x Intermediate,BBL-OAKLEY,1074689
278,299,MAR,Finish,2:10:24.44,,W 2x Intermediate,MAR-EVANS,1074812
279,308,LER,Finish,2:10:31.00,,W J18 2x Championship,LER/EXE - HENRY,1073493
280,305,LEH,Finish,2:10:47.34,,W J18 2x Championship,LEH-RADFORD,1076154
281,301,CAM,Finish,2:10:48.54,,W 2x Intermediate,CAM-VALEN,1072598
282,311,SWP,Finish,2:10:52.05,,W J18 2x Championship,SWP-MARTIN,1075681
283,307,SWP,Finish,2:11:24.56,,W J18 2x Championship,SWP-AYOADE,1075680
284,315,ARD,Finish,2:11:36.65,,W J18 2x Intermediate,ARD-WARREN,1074319
285,306,SHP,Finish,2:11:46.17,,W J18 2x Championship,SHP-WASDELL,1074492
286,316,STN,Finish,2:12:04.76,,W J18 2x Intermediate,STN-BURTON,1074697
287,309,WLT,Finish,2:12:09.90,,W J18 2x Championship,WLT-CATLIN,1072314
288,317,CBR,Finish,2:12:21.16,,W J18 2x Intermediate,CBR-MACDONALD-TAYLOR,1073824
289,318,SWP,Finish,2:12:25.02,,W J18 2x Intermediate,SWP-WAX,1075683
290,313,KSE,Finish,2:12:36.65,,W J18 2x Championship,KSE-LANCASTER,1073908
291,320,EMA,Finish,2:12:37.77,,W J18 2x Intermediate,EMA - BEAMS,1075858
292,319,ASL,Finish,2:13:23.41,,W J18 2x Intermediate,ASL-LAMBDEN,1076134
293,323,SRC,Finish,2:13:29.59,,W J18 2x Intermediate,SRC-MOULE,1074265
294,321,SWP,Finish,2:13:31.99,,W J18 2x Intermediate,SWP-O'DONNELL,1075699
295,326,SPG,Finish,2:13:35.28,,W J18 2x Intermediate,SPG-LOUIS,1073087
296,327,EMA,Finish,2:13:46.06,,W J18 2x Club,EMA - JEYNES,1075859
297,322,KGS,Finish,2:14:18.22,,W J18 2x Intermediate,KGS-JONES,1075551
298,324,KSE,Finish,2:14:31.41,,W J18 2x Intermediate,KSE-GREATREX,1073914
299,337,TSS,Finish,2:14:46.37,,W J16 2x Championship,TSS-MCWILLIAM,1076630
300,331,PHS,Finish,2:14:47.48,,W J18 2x Club,PHS C,1074553
301,336,KRC,Finish,2:14:59.44,,W J16 2x Championship,KRC-MARTIN,1072244
302,,,Finish,2:15:18.08,,,,
303,332,MAV,Finish,2:15:26.98,,W J18 2x Club,MAV-MILEHAM,1073373
304,338,WYJ,Finish,2:15:32.43,,W J16 2x Championship,WYJ-FLETCHER,1073977
305,334,ASL,Finish,2:15:36.90,,W J18 2x Club,ASL-BAKE,1076136
306,340,WYJ,Finish,2:16:04.89,,W J16 2x Championship,WYJ-ROWLES,1076135
307,339,MHD,Finish,2:16:09.84,,W J16 2x Championship,MHD-SELLERS,1075830
308,345,EMA,Finish,2:16:23.95,,W J16 2x Club,EMA - MCAULIFFE,1075504
309,341,KGS,Finish,2:16:33.92,,W J16 2x Championship,KGS-MERRIMAN,1075552
310,354,LRC,Finish,2:16:37.90,,Op MasD 2x Championship,LRC-THEED,1073551
311,346,BAE,Finish,2:16:49.62,,W J16 2x Club,BAE-LEVI,1075955
312,352,BEB,Finish,2:16:54.81,,Op MasD 2x Championship,BEB-JAHNICH,1072548
313,335,ASL,Finish,2:17:02.03,,W J18 2x Club,ASL-ZALT,1076137
314,343,KGS,Finish,2:17:12.53,,W J16 2x Championship,KGS-FLETT,1075553
315,353,BEB,Finish,2:17:13.08,,Op MasD 2x Championship,BEB-LONG,1072607
316,360,SHV,Finish,2:17:19.93,,Op MasD 2x Club,SHV-GASCOINE,1072395
317,355,TYN,Finish,2:17:22.34,,Op MasD 2x Championship,TYN-HELME,1074839
318,342,ARD,Finish,2:17:32.99,,W J16 2x Championship,ARD-GANKERSEER,1074223
319,350,WLT,Finish,2:17:55.38,,W J16 2x Club,WLT-HEWITT,1072317
320,348,BAE,Finish,2:17:59.78,,W J16 2x Club,BAE-HILLIER,1074840
321,356,ARD,Finish,2:18:09.42,,Op MasD 2x Championship,ARD-CARTER,1074219
322,362,BAE,Finish,2:18:17.82,,Op MasD 2x Club,BAE-FAWSSETT,1074833
323,344,KGS,Finish,2:18:21.47,,W J16 2x Championship,KGS-HALLIWELL,1075557
324,347,STN,Finish,2:18:30.06,,W J16 2x Club,STN-BENNETT,1074698
325,358,SON,Finish,2:18:40.18,,Op MasD 2x Championship,SON-SMITH,1073593
326,370,TSS,Finish,2:18:42.68,,Op MasE 2x,TSS-MCCHESNEY,1073830
327,367,SON,Finish,2:18:49.64,,Op MasE 2x,SON-BOERICKE,1072576
328,368,BEB,Finish,2:18:57.18,,Op MasE 2x,BEB-MAUNSELL,1073503
329,363,STA,Finish,2:19:13.27,,Op MasD 2x Club,STA-RAINBOW,1072554
330,369,BNT,Finish,2:19:16.98,,Op MasE 2x,BNT-BATES,1072423
331,374,STA,Finish,2:19:22.82,,Op MasE 2x,STA-SOGAN,1072553
332,361,LRC,Finish,2:19:26.62,,Op MasD 2x Club,LRC-LEPPARD,1075694
333,375,ARD,Finish,2:19:29.99,,Op MasF 2x,ARD-VINCENT,1074221
334,349,ASL,Finish,2:19:30.65,,W J16 2x Club,ASL-WIEST,1076139
335,376,QBC,Finish,2:19:32.65,,Op MasF 2x,QBC-HYSLOP,1074657
336,371,MHD,Finish,2:19:50.18,,Op MasE 2x,MHD-RICHARDS,1072592
337,372,LYM,Finish,2:20:04.82,,Op MasE 2x,LYM-TAYLOR,1074969
338,373,PTR,Finish,2:20:07.47,,Op MasE 2x,PTR-DEBOIS,1073122
339,377,TRC,Finish,2:20:23.86,,Op MasF 2x,TRC-SEDDON,1075874
340,385,DAT,Finish,2:20:34.65,,Op MasG 2x,DAT-STEWART,1072394
341,366,CNN,Finish,2:20:39.42,,Op MasD 2x Club,CNN-REDLEY,1076113
342,379,MAA,Finish,2:20:43.65,,Op MasF 2x,MAA-Carpenter,1073527
343,380,BRX,Finish,2:21:21.13,,Op MasF 2x,BRX-BRANDON,1074030
344,383,MAA,Finish,2:21:46.57,,Op MasG 2x,MAA-ROBERTS,1073528
345,378,TSS,Finish,2:21:47.19,,Op MasF 2x,TSS-SUTHERS,1073831
346,,,Finish,2:21:47.78,,,,
347,,,Finish,2:21:53.15,,,,
348,381,GUI,Finish,2:22:09.63,,Op MasG 2x,GUI-WOOWAT,1073369
349,388,GUI,Finish,2:22:45.78,,Op MasH 2x,GUI-HALL,1072942
350,390,BEB,Finish,2:23:05.25,,Op MasH 2x,BEB-STUART-MENTEATH,1073005
351,389,PTR,Finish,2:23:59.40,,Op MasH 2x,PTR-COWELL,1073123
352,394,CAB,Finish,2:24:33.63,,W 2x Club,CAB-OAKLEY,1074760
353,392,WRC,Finish,2:24:45.35,,W 2x Club,WRC-BUTLER,1072416
354,391,AKN,Finish,2:25:12.22,,Op MasH 2x,AKN-SAUNDERS,1075841
355,393,UYO,Finish,2:25:12.88,,W 2x Club,UYO-COLLINS-TAYLOR,1073232
356,402,CBR,Finish,2:25:42.38,,W 2x Club,CBR-PRICE,1073562
357,406,QBC,Finish,2:26:17.10,,W MasB 2x Championship,QBC/MAA,1072299
358,399,MAA,Finish,2:26:20.12,,W 2x Club,MAA-HAMPTON,1073766
359,396,YRK,Finish,2:26:22.26,,W 2x Club,YRK-NICHOLSON,1073094
360,407,LEA,Finish,2:26:27.54,,W MasB 2x Championship,LEA-FUTORYANOVA,1072615
361,398,MAA,Finish,2:26:27.94,,W 2x Club,MAA-ROBINSON,1073762
362,395,MHD,Finish,2:26:29.50,,W 2x Club,MHD SW- FLETT,1072451
363,401,HSB,Finish,2:26:37.03,,W 2x Club,HSB-MCGREGOR-MACDONALD,1074825
364,410,TSS,Finish,2:26:43.68,,W MasB 2x Championship,TSS-HICKMOTT,1074974
365,403,FSC,Finish,2:26:55.19,,W 2x Club,FSC-THORP,1074231
366,408,GLR,Finish,2:27:00.39,,W MasB 2x Championship,GLR-JEFFERY,1073815
367,418,MAA,Finish,2:27:50.71,,W MasC 2x Championship,MAA-RAMSDEN,1073320
368,421,BBL,Finish,2:28:08.48,,W MasC 2x Championship,BBL-RICHARDSON,1074693
369,420,MHD,Finish,2:28:10.49,,W MasC 2x Championship,MHD SW- MARTI,1072450
370,404,FSC,Finish,2:28:22.24,,W 2x Club,FSC-MARTINOVICH,1074232
371,416,TWK,Finish,2:28:22.68,,W MasB 2x Club,TWK-DUGGAN,1074173
372,417,CNN,Finish,2:28:28.82,,W MasB 2x Club,CNN-CHAMPION,1073857
373,,,Finish,2:28:34.78,,,,
374,428,WLT,Finish,2:28:35.80,,Op MasE 2-,WLT-GROOM,1072302
375,415,CAB,Finish,2:28:45.28,,W 2x Club,CAB-MAHONEY-TO,1075832
376,419,ETX,Finish,2:28:50.63,,W MasC 2x Championship,ETX-HAGUE,1075192
377,414,TSS,Finish,2:28:54.61,,W MasB 2x Club,TSS-EISDELL,1074782
378,,,Finish,2:29:14.30,,,,
379,435,NWK,Finish,2:29:15.38,,Op MasF/G 2-,Newark / Hollingworth Lake,1073237
380,429,ARD,Finish,2:29:18.50,,Op MasE 2-,ARD-HOWE,1074216
381,413,TYU,Finish,2:29:21.51,,W MasB 2x Club,TYU-BOLTON,1072284
382,426,BRX,Finish,2:29:33.39,,W MasC 2x Club,BRX-DODSWORTH,1074618
383,433,ARD,Finish,2:29:42.14,,Op MasF/G 2-,ARD-PHILLIPS,1074218
384,432,QBC,Finish,2:29:51.47,,Op MasF/G 2-,QBC-HINE,1072596
385,427,CBR,Finish,2:30:09.98,,W MasC 2x Club,CBR-REEVE,1073492
386,434,ABN,Finish,2:30:27.11,,Op MasF/G 2-,ABN-KEOGH,1072412
387,436,PTR,Finish,2:30:56.47,,Op MasF/G 2-,PTR-DESMOND,1073142
388,441,MAA,Finish,2:31:03.13,,W 2x Freshers,MAA-AITKEN,1073764
389,438,MHD,Finish,2:31:07.00,,Op MasF/G 2-,MHD-JANISCH,1072612
390,448,CBR,Finish,2:31:32.86,,W MasD 2x,CBR-FULLMAN,1072501
391,444,STN,Finish,2:31:53.36,,W 2x Freshers,STN-BROWN,1075102
392,442,PLE,Finish,2:31:53.82,,W 2x Freshers,PLE-RIMMER,1072503
393,,,Finish,2:31:54.22,,,,
394,440,IEL,Finish,2:31:56.22,,W 2x Freshers,IEL-ISAAC,1076111
395,447,UTC,Finish,2:32:06.28,,W MasD 2x,MAA/Upper Thames,1072585
396,439,PTR,Finish,2:32:07.50,,W 2x Freshers,PTR-TAUBE,1074849
397,450,RAF,Finish,2:32:17.79,,W MasD 2x,RAF-ELKINGTON,1072910
398,425,MAA,Finish,2:32:39.98,,W MasC 2x Club,MAA-BROWN,1073319
399,443,DAT,Finish,2:32:43.38,,W 2x Freshers,DAT-BURRIDGE,1074603
400,449,CHA,Finish,2:32:43.73,,W MasD 2x,CHA-MILLS,1073229
401,445,MAR,Finish,2:32:48.71,,W 2x Freshers,MAR-FELIXSON,1074811
402,454,KRC,Finish,2:32:52.14,,W MasE 2x Championship,KRC-WILLETT,1074445
403,446,MAR,Finish,2:33:07.56,,W 2x Freshers,MAR-O'MALLEY,1074813
404,451,HEN,Finish,2:33:08.68,,W MasD 2x,HEN-TURNELL,1073014
405,459,FAL,Finish,2:33:40.19,,W MasE 2x Championship,FAL-SMITH,1072828
406,452,SON,Finish,2:33:40.59,,W MasD 2x,SON-FARROW,1073459
407,456,TWK,Finish,2:34:02.65,,W MasE 2x Championship,TWK-WALTERS,1074185
408,461,LER,Finish,2:34:05.08,,W MasE 2x Club,LER-PULFORD,1073626
409,462,ETX,Finish,2:34:19.38,,W MasE 2x Club,ETX-KELLY,1075190
410,458,HEN,Finish,2:34:27.26,,W MasE 2x Championship,HEN-KNOWLES,1074368
411,453,BRX,Finish,2:35:03.94,,W MasD 2x,BRX-FINDELL,1073760
412,467,BED,Finish,2:35:17.55,,W MasF 2x,BED-HELE,1072363
413,469,TSS,Finish,2:35:29.11,,W MasF 2x,TSS-LAWRENCE,1072965
414,463,BBL,Finish,2:35:31.53,,W MasE 2x Club,BBL-BROADHURST,1074694
415,460,MAR,Finish,2:35:32.35,,W MasE 2x Club,MAR-RICE,1074810
416,464,STK,Finish,2:36:05.97,,W MasE 2x Club,Trentham - hallam,1072967
417,470,YRK,Finish,2:36:27.81,,W MasF 2x,YRK-PORTE,1073091
418,466,MIK,Finish,2:37:35.35,,W MasE 2x Club,MIK-HARKNESS ROSEWELL,1072946
